Model,Accuracy,F1 Macro,F1 Weighted,Trainable Parameters
A (Binary) - Test,0.865,0.8649696181640869,0.864969618164087,337421
A (Binary) - Validation,0.862,0.86196010647077,0.86196010647077,337421
B (11-Class) - Test,0.518,0.4762260331654087,0.5153669414317859,338271
B (11-Class) - Validation,0.515,0.46512410692068545,0.5164709118166877,338271
C (12-Class) - Test,0.557,0.45412127641599453,0.5846698087882625,338356
C (12-Class) - Validation,0.552,0.4496655273725012,0.580976457859679,338356
